Sondaj_No;Enlem;Boylam;GYS_m;Derinlik_m;Zemin_Sinifi;N_arazi;FC;PI
SK-6;421758.4;4604488.5;4.65;1.50;GP;31;4.9;0
SK-6;421758.4;4604488.5;4.65;3.00;GP;13;4.9;0
SK-6;421758.4;4604488.5;4.65;4.50;GP;10;4.9;0
SK-6;421758.4;4604488.5;4.65;6.00;SM;9;13.4;0
SK-6;421758.4;4604488.5;4.65;7.50;SM;4;13.4;0
SK-6;421758.4;4604488.5;4.65;9.00;GW;11;5.0;0
SK-6;421758.4;4604488.5;4.65;10.50;GW;16;5.0;0
SK-6;421758.4;4604488.5;4.65;12.00;GW;15;5.0;0
SK-6;421758.4;4604488.5;4.65;14.00;CL;11;87.8;10.5
SK-6;421758.4;4604488.5;4.65;15.00;CL;7;87.8;10.5
SK-6;421758.4;4604488.5;4.65;16.90;CL;6;87.8;10.5
SK-6;421758.4;4604488.5;4.65;18.00;CL;6;87.8;10.5
SK-6;421758.4;4604488.5;4.65;19.95;CL;12;87.8;10.5
SK-6;421758.4;4604488.5;4.65;21.00;CL;8;87.8;10.5
SK-6;421758.4;4604488.5;4.65;22.90;ML;21;75.0;0
SK-6;421758.4;4604488.5;4.65;24.00;SW-SM;30;7.7;0
SK-6;421758.4;4604488.5;4.65;25.50;SW-SM;33;7.7;0
SK-6;421758.4;4604488.5;4.65;27.00;SW-SM;31;7.7;0
SK-6;421758.4;4604488.5;4.65;28.50;SW-SM;44;7.7;0
SK-6;421758.4;4604488.5;4.65;30.50;CH;15;100.0;32.9
SK-6;421758.4;4604488.5;4.65;31.50;CH;16;100.0;32.9
SK-6;421758.4;4604488.5;4.65;33.40;CH;11;100.0;32.9
SK-6;421758.4;4604488.5;4.65;34.50;CH;11;100.0;32.9
SK-6;421758.4;4604488.5;4.65;36.40;CH;8;100.0;32.9
SK-6;421758.4;4604488.5;4.65;37.50;CH;6;100.0;32.9
SK-6;421758.4;4604488.5;4.65;39.40;CH;12;87.4;27.9
SK-6;421758.4;4604488.5;4.65;40.50;CH;10;87.4;27.9
SK-6;421758.4;4604488.5;4.65;42.40;MH;17;90.6;28.5
SK-6;421758.4;4604488.5;4.65;43.50;MH;16;90.6;28.5
SK-6;421758.4;4604488.5;4.65;45.40;MH;21;90.6;28.5
SK-6;421758.4;4604488.5;4.65;46.50;MH;19;90.6;28.5
SK-6;421758.4;4604488.5;4.65;48.40;GM;28;42.1;0
SK-6;421758.4;4604488.5;4.65;50.00;GM;19;42.1;0
SK-7;421843.96;4604565.32;5.3;1.50;SM;14;49.0;0
SK-7;421843.96;4604565.32;5.3;3.00;SM;12;49.0;0
SK-7;421843.96;4604565.32;5.3;4.95;CL;3;99.4;19.5
SK-7;421843.96;4604565.32;5.3;6.00;CL;3;99.4;19.5
SK-7;421843.96;4604565.32;5.3;7.95;CL;3;99.4;19.5
SK-7;421843.96;4604565.32;5.3;9.00;CH;3;100.0;30.8
SK-7;421843.96;4604565.32;5.3;10.95;CH;5;100.0;30.8
SK-7;421843.96;4604565.32;5.3;12.00;CH;7;100.0;30.8
SK-7;421843.96;4604565.32;5.3;13.95;CH;3;100.0;30.8
SK-7;421843.96;4604565.32;5.3;15.00;CH;5;100.0;30.8
SK-7;421843.96;4604565.32;5.3;16.95;CH;3;100.0;30.8
SK-7;421843.96;4604565.32;5.3;18.00;CH;3;100.0;30.8
SK-7;421843.96;4604565.32;5.3;19.50;CH;6;100.0;30.8
SK-7;421843.96;4604565.32;5.3;21.00;SW-SM;32;10.9;0
SK-7;421843.96;4604565.32;5.3;22.50;SW-SM;26;2.9;0
SK-7;421843.96;4604565.32;5.3;24.00;SW-SM;24;2.9;0
SK-7;421843.96;4604565.32;5.3;25.50;SW-SM;24;2.9;0
SK-7;421843.96;4604565.32;5.3;27.00;SW;23;2.9;0
SK-7;421843.96;4604565.32;5.3;28.95;CH;9;100.0;36.3
SK-7;421843.96;4604565.32;5.3;30.00;CH;7;100.0;36.3
SK-7;421843.96;4604565.32;5.3;31.95;CH;6;100.0;36.3
SK-7;421843.96;4604565.32;5.3;33.00;CH;5;100.0;36.3
SK-7;421843.96;4604565.32;5.3;34.95;CH;5;100.0;36.3
SK-7;421843.96;4604565.32;5.3;36.00;CH;4;100.0;36.3
SK-7;421843.96;4604565.32;5.3;38.00;ML;15;92.3;0
SK-7;421843.96;4604565.32;5.3;39.00;ML;14;92.3;0
SK-7;421843.96;4604565.32;5.3;40.50;ML;14;92.3;0
SK-7;421843.96;4604565.32;5.3;42.00;ML;15;92.3;0
SK-7;421843.96;4604565.32;5.3;45.00;ML;15;99.7;0
SK-7;421843.96;4604565.32;5.3;48.00;ML;15;99.7;0
SK-7;421843.96;4604565.32;5.3;51.40;SP-SM;20;8.8;0
SK-7;421843.96;4604565.32;5.3;54.00;SP-SM;26;8.8;0
SK-7;421843.96;4604565.32;5.3;57.00;SP-SM;22;8.8;0
SK-7;421843.96;4604565.32;5.3;58.50;SW-SM;33;6.5;0
SK-7;421843.96;4604565.32;5.3;60.00;SW-SM;32;6.5;0
SK-7;421843.96;4604565.32;5.3;61.50;SW-SM;18;6.5;0
SK-7;421843.96;4604565.32;5.3;63.00;CL;18;97.7;13.4
SK-7;421843.96;4604565.32;5.3;64.50;CL;30;97.7;13.4
SK-7;421843.96;4604565.32;5.3;66.00;SP-SM;27;5.8;0
SK-7;421843.96;4604565.32;5.3;67.50;SP-SM;27;5.8;0
SK-8;421929.39;4604642.01;4.0;1.50;GW;22;0.2;0
SK-8;421929.39;4604642.01;4.0;3.00;GW;50;0.2;0
SK-8;421929.39;4604642.01;4.0;4.85;CL;5;87.9;17.5
SK-8;421929.39;4604642.01;4.0;6.00;CL;3;87.9;17.5
SK-8;421929.39;4604642.01;4.0;7.95;CL;7;87.9;17.5
SK-8;421929.39;4604642.01;4.0;9.00;CL;10;87.9;17.5
SK-8;421929.39;4604642.01;4.0;10.95;ML;2;76.1;15.9
SK-8;421929.39;4604642.01;4.0;12.00;ML;5;76.1;15.9
SK-8;421929.39;4604642.01;4.0;13.90;ML;10;76.1;15.9
SK-8;421929.39;4604642.01;4.0;15.00;ML;14;76.1;15.9
SK-8;421929.39;4604642.01;4.0;16.75;SM;22;21.8;0
SK-8;421929.39;4604642.01;4.0;18.00;SM;44;21.8;0
SK-8;421929.39;4604642.01;4.0;19.50;SM;47;21.8;0
SK-8;421929.39;4604642.01;4.0;21.00;SP;39;3.8;0
SK-8;421929.39;4604642.01;4.0;22.50;SP;40;3.8;0
SK-8;421929.39;4604642.01;4.0;24.45;ML;16;88.8;0
SK-8;421929.39;4604642.01;4.0;25.50;ML;24;88.8;0
SK-8;421929.39;4604642.01;4.0;27.45;ML;11;88.8;0
SK-8;421929.39;4604642.01;4.0;28.50;ML;15;88.8;0
SK-8;421929.39;4604642.01;4.0;30.50;ML;12;88.8;0
SK-9;422014.9;4604718.77;2.9;1.50;ML;50;52.8;0
SK-9;422014.9;4604718.77;2.9;3.00;ML;5;52.8;0
SK-9;422014.9;4604718.77;2.9;4.50;CH;5;98.4;31.1
SK-9;422014.9;4604718.77;2.9;6.00;CH;5;98.4;31.1
SK-9;422014.9;4604718.77;2.9;7.50;CH;6;98.4;31.1
SK-9;422014.9;4604718.77;2.9;9.45;CH;11;98.4;31.1
SK-9;422014.9;4604718.77;2.9;10.50;CH;9;98.4;31.1
SK-9;422014.9;4604718.77;2.9;12.40;CH;3;98.4;31.1
SK-9;422014.9;4604718.77;2.9;13.00;ML;4;67.4;0
SK-9;422014.9;4604718.77;2.9;15.40;ML;3;67.4;0
SK-9;422014.9;4604718.77;2.9;16.50;ML;8;67.4;0
SK-9;422014.9;4604718.77;2.9;18.45;ML;8;92.9;0
SK-9;422014.9;4604718.77;2.9;19.50;ML;9;92.9;0
SK-9;422014.9;4604718.77;2.9;21.45;ML;8;92.9;0
SK-9;422014.9;4604718.77;2.9;22.50;ML;8;92.9;0
SK-9;422014.9;4604718.77;2.9;24.45;ML;26;90.8;0
SK-9;422014.9;4604718.77;2.9;25.50;ML;26;90.8;0
SK-9;422014.9;4604718.77;2.9;27.50;ML;12;90.8;0
SK-9;422014.9;4604718.77;2.9;28.50;CH;8;99.4;35.3
SK-9;422014.9;4604718.77;2.9;30.45;CH;10;99.4;35.3
SK-9;422014.9;4604718.77;2.9;31.50;CH;11;99.4;35.3
SK-10;422100.4;4604795.52;2.45;1.50;GM;50;13.2;0
SK-10;422100.4;4604795.52;2.45;3.15;GM;14;13.2;0
SK-10;422100.4;4604795.52;2.45;4.95;CL;15;90.4;16.6
SK-10;422100.4;4604795.52;2.45;6.00;CL;6;92.8;12.0
SK-10;422100.4;4604795.52;2.45;7.90;CL;6;92.8;12.0
SK-10;422100.4;4604795.52;2.45;9.00;CL;4;99.5;22.0
SK-10;422100.4;4604795.52;2.45;10.85;CL;7;99.5;22.0
SK-10;422100.4;4604795.52;2.45;12.00;CL;5;99.5;22.0
SK-10;422100.4;4604795.52;2.45;13.90;CL;4;99.5;22.0
SK-10;422100.4;4604795.52;2.45;15.00;CH;6;98.7;30.8
SK-10;422100.4;4604795.52;2.45;16.90;CH;5;98.7;30.8
SK-10;422100.4;4604795.52;2.45;18.00;CH;4;98.7;30.8
SK-10;422100.4;4604795.52;2.45;19.85;CH;5;98.7;30.8
SK-10;422100.4;4604795.52;2.45;21.00;CH;11;98.7;30.8
SK-10;422100.4;4604795.52;2.45;22.95;CL;5;97.8;12.8
SK-10;422100.4;4604795.52;2.45;24.00;CL;5;97.8;12.8
SK-10;422100.4;4604795.52;2.45;25.95;CL;10;97.8;12.8
SK-10;422100.4;4604795.52;2.45;27.00;CL;10;97.8;12.8
SK-10;422100.4;4604795.52;2.45;28.50;CL;11;97.8;12.8
SK-10;422100.4;4604795.52;2.45;30.00;CL;6;97.8;12.8
SK-11;422163.55;4604852.29;5.65;1.50;GM;50;25.7;7.2
SK-11;422163.55;4604852.29;5.65;3.00;GM;18;25.7;7.2
SK-11;422163.55;4604852.29;5.65;4.50;CL;11;99.1;21.3
SK-11;422163.55;4604852.29;5.65;6.25;CL;11;99.1;21.3
SK-11;422163.55;4604852.29;5.65;7.50;CL;16;99.1;21.3
SK-11;422163.55;4604852.29;5.65;9.40;CL;4;99.1;21.3
SK-11;422163.55;4604852.29;5.65;10.50;CL;8;99.1;21.3
SK-11;422163.55;4604852.29;5.65;12.40;CL;3;99.1;21.3
SK-11;422163.55;4604852.29;5.65;13.50;CL;4;99.1;21.3
SK-11;422163.55;4604852.29;5.65;15.40;CH;7;79.4;23.8
SK-11;422163.55;4604852.29;5.65;16.50;CH;10;79.4;23.8
SK-11;422163.55;4604852.29;5.65;18.45;CH;11;99.6;24.9
SK-11;422163.55;4604852.29;5.65;19.50;CH;12;99.6;24.9
SK-11;422163.55;4604852.29;5.65;21.40;CH;8;99.6;24.9
SK-11;422163.55;4604852.29;5.65;22.50;CH;5;99.6;24.9
SK-11;422163.55;4604852.29;5.65;24.50;CH;5;94.4;30.3
SK-11;422163.55;4604852.29;5.65;25.50;CH;4;94.4;30.3
SK-11;422163.55;4604852.29;5.65;27.45;CH;7;94.4;30.3
SK-11;422163.55;4604852.29;5.65;28.50;CH;8;94.4;30.3
SK-11;422163.55;4604852.29;5.65;30.45;CH;5;94.4;30.3
SK-11;422163.55;4604852.29;5.65;31.50;CH;9;98.9;35.2
SK-11;422163.55;4604852.29;5.65;33.45;CH;8;98.9;35.2
SK-11;422163.55;4604852.29;5.65;34.50;CH;7;98.9;35.2
SK-11;422163.55;4604852.29;5.65;36.40;CH;8;98.9;35.2
SK-11;422163.55;4604852.29;5.65;37.50;CH;5;98.9;35.2
SK-11;422163.55;4604852.29;5.65;39.45;CL;4;96.9;23.5
SK-11;422163.55;4604852.29;5.65;40.50;CL;5;96.9;23.5
SK-11;422163.55;4604852.29;5.65;42.45;CL;9;96.9;23.5
SK-11;422163.55;4604852.29;5.65;43.50;MH;9;90.8;25.2
SK-11;422163.55;4604852.29;5.65;45.45;MH;7;90.8;25.2
SK-11;422163.55;4604852.29;5.65;46.50;MH;4;90.8;25.2
SK-11;422163.55;4604852.29;5.65;48.00;MH;5;90.8;25.2
SK-11;422163.55;4604852.29;5.65;49.50;MH;4;90.8;25.2
SK-11;422163.55;4604852.29;5.65;51.00;SW-SM;41;9.6;0
SK-11;422163.55;4604852.29;5.65;52.50;SW-SM;34;9.6;0
SK-11;422163.55;4604852.29;5.65;54.00;SW-SM;45;9.6;0
SK-11;422163.55;4604852.29;5.65;55.50;SW-SM;43;9.6;0
SK-11;422163.55;4604852.29;5.65;57.00;GP;50;4.7;0
SK-11;422163.55;4604852.29;5.65;58.50;GP;30;4.7;0
SK-11;422163.55;4604852.29;5.65;60.00;GP;50;4.7;0
SK-11;422163.55;4604852.29;5.65;61.50;SM;33;14.5;0
SK-11;422163.55;4604852.29;5.65;63.00;SM;50;14.5;0
SK-11;422163.55;4604852.29;5.65;64.50;SM;50;14.5;0
SK-12;421825.32;4604414.2;5.2;1.50;GC;50;21.0;8.7
SK-12;421825.32;4604414.2;5.2;3.25;CL;12;89.3;9.2
SK-12;421825.32;4604414.2;5.2;4.50;CL;7;89.3;9.2
SK-12;421825.32;4604414.2;5.2;6.40;CL;5;89.3;9.2
SK-12;421825.32;4604414.2;5.2;7.50;CL;7;96.5;14.8
SK-12;421825.32;4604414.2;5.2;9.30;CL;6;96.5;14.8
SK-12;421825.32;4604414.2;5.2;10.50;CL;3;96.5;14.8
SK-12;421825.32;4604414.2;5.2;12.45;CL;6;96.5;14.8
SK-12;421825.32;4604414.2;5.2;13.50;CL;13;96.5;14.8
SK-12;421825.32;4604414.2;5.2;15.35;CL;5;96.5;14.8
SK-12;421825.32;4604414.2;5.2;16.50;CL;12;96.5;14.8
SK-12;421825.32;4604414.2;5.2;18.50;CL;11;96.5;14.8
SK-12;421825.32;4604414.2;5.2;19.50;CH;11;98.7;27.1
SK-12;421825.32;4604414.2;5.2;21.50;CH;8;98.7;27.1
SK-12;421825.32;4604414.2;5.2;22.50;CH;19;98.7;27.1
SK-12;421825.32;4604414.2;5.2;24.00;SM;29;31.0;0
SK-12;421825.32;4604414.2;5.2;25.50;SM;19;31.0;0
SK-12;421825.32;4604414.2;5.2;27.25;CH;17;99.8;32.1
SK-12;421825.32;4604414.2;5.2;28.50;CH;16;99.8;32.1
SK-12;421825.32;4604414.2;5.2;30.45;CH;14;99.8;32.1
SK-12;421825.32;4604414.2;5.2;31.50;CH;23;99.8;32.1
SK-12;421825.32;4604414.2;5.2;33.35;CH;14;99.3;28.3
SK-12;421825.32;4604414.2;5.2;34.50;CH;17;99.3;28.3
SK-12;421825.32;4604414.2;5.2;36.35;CH;9;99.3;28.3
SK-12;421825.32;4604414.2;5.2;37.50;CH;11;99.3;28.3
SK-12;421825.32;4604414.2;5.2;39.40;CH;7;99.3;28.3
SK-13;421910.89;4604491.02;3.7;1.50;GM;50;12.7;0
SK-13;421910.89;4604491.02;3.7;3.50;CL;12;91.7;12.7
SK-13;421910.89;4604491.02;3.7;4.90;CL;7;91.7;12.7
SK-13;421910.89;4604491.02;3.7;6.00;CL;6;91.7;12.7
SK-13;421910.89;4604491.02;3.7;7.95;CL;9;91.7;12.7
SK-13;421910.89;4604491.02;3.7;9.00;CL;7;91.7;12.7
SK-13;421910.89;4604491.02;3.7;10.90;CL;7;99.7;19.6
SK-13;421910.89;4604491.02;3.7;12.00;CL;12;99.7;19.6
SK-13;421910.89;4604491.02;3.7;13.90;CL;4;99.7;19.6
SK-13;421910.89;4604491.02;3.7;15.00;CL;12;99.7;19.6
SK-13;421910.89;4604491.02;3.7;16.90;CL;14;99.7;19.6
SK-13;421910.89;4604491.02;3.7;18.00;CL;10;99.7;19.6
SK-13;421910.89;4604491.02;3.7;19.90;ML;24;66.0;0
SK-13;421910.89;4604491.02;3.7;21.00;SW-SM;42;8.7;0
SK-13;421910.89;4604491.02;3.7;22.50;SW-SM;38;8.7;0
SK-13;421910.89;4604491.02;3.7;24.00;SW-SM;35;8.7;0
SK-13;421910.89;4604491.02;3.7;25.50;SW-SM;44;8.7;0
SK-13;421910.89;4604491.02;3.7;27.00;SW-SM;34;8.7;0
SK-13;421910.89;4604491.02;3.7;28.50;CL;12;96.0;24.0
SK-13;421910.89;4604491.02;3.7;30.45;CL;13;96.0;24.0
SK-14;421996.33;4604567.71;2.5;1.50;GM;50;13.8;0
SK-14;421996.33;4604567.71;2.5;3.45;GM;57;13.8;0
SK-14;421996.33;4604567.71;2.5;4.90;CL;3;77.5;12.4
SK-14;421996.33;4604567.71;2.5;6.45;CL;6;77.5;12.4
SK-14;421996.33;4604567.71;2.5;8.40;CL;5;77.5;12.4
SK-14;421996.33;4604567.71;2.5;9.45;CL;7;77.5;12.4
SK-14;421996.33;4604567.71;2.5;10.90;CH;4;98.4;31.2
SK-14;421996.33;4604567.71;2.5;12.45;CH;4;98.4;31.2
SK-14;421996.33;4604567.71;2.5;13.90;CH;7;98.4;31.2
SK-14;421996.33;4604567.71;2.5;15.45;CH;6;98.4;31.2
SK-14;421996.33;4604567.71;2.5;16.90;ML;5;68.5;0
SK-14;421996.33;4604567.71;2.5;18.45;ML;13;68.5;0
SK-14;421996.33;4604567.71;2.5;19.95;ML;5;68.5;0
SK-14;421996.33;4604567.71;2.5;21.45;ML;5;68.5;0
SK-14;421996.33;4604567.71;2.5;22.95;SP;16;3.7;0
SK-14;421996.33;4604567.71;2.5;24.45;SP;7;3.7;0
SK-14;421996.33;4604567.71;2.5;25.95;SP;9;3.7;0
SK-14;421996.33;4604567.71;2.5;27.45;SP;9;3.7;0
SK-14;421996.33;4604567.71;2.5;28.95;CH;8;100.0;39.7
SK-14;421996.33;4604567.71;2.5;30.45;CH;5;100.0;39.7
SK-14;421996.33;4604567.71;2.5;32.00;CH;10;100.0;39.7
SK-14;421996.33;4604567.71;2.5;33.45;CH;7;100.0;39.7
SK-14;421996.33;4604567.71;2.5;34.95;CH;8;100.0;39.7
SK-14;421996.33;4604567.71;2.5;36.45;CH;8;100.0;39.7
SK-14;421996.33;4604567.71;2.5;37.95;CH;3;100.0;39.7
SK-14;421996.33;4604567.71;2.5;39.45;ML;4;75.0;0
SK-14;421996.33;4604567.71;2.5;40.95;ML;11;75.0;0
SK-15;422081.83;4604644.47;4.5;1.50;GM;19;16.2;0
SK-15;422081.83;4604644.47;4.5;3.00;GM;20;16.2;0
SK-15;422081.83;4604644.47;4.5;4.50;ML;6;88.4;0
SK-15;422081.83;4604644.47;4.5;6.40;ML;3;88.4;0
SK-15;422081.83;4604644.47;4.5;7.50;CL;5;98.4;17.0
SK-15;422081.83;4604644.47;4.5;9.35;CL;7;98.4;17.0
SK-15;422081.83;4604644.47;4.5;10.50;CL;6;98.4;17.0
SK-15;422081.83;4604644.47;4.5;12.20;CL;4;98.4;17.0
SK-15;422081.83;4604644.47;4.5;13.50;CL;5;98.4;17.0
SK-15;422081.83;4604644.47;4.5;15.50;CH;8;95.9;29.2
SK-15;422081.83;4604644.47;4.5;16.50;CH;8;95.9;29.2
SK-15;422081.83;4604644.47;4.5;18.00;SW;31;4.3;0
SK-15;422081.83;4604644.47;4.5;19.50;SW;8;4.3;0
SK-15;422081.83;4604644.47;4.5;21.50;ML;9;97.7;2.3
SK-15;422081.83;4604644.47;4.5;22.95;ML;7;97.7;2.3
SK-15;422081.83;4604644.47;4.5;24.50;ML;12;97.7;2.3
SK-15;422081.83;4604644.47;4.5;25.95;ML;12;97.7;2.3
SK-15;422081.83;4604644.47;4.5;27.00;ML;12;97.7;2.3
SK-15;422081.83;4604644.47;4.5;28.50;CL;11;99.3;25.2
SK-15;422081.83;4604644.47;4.5;30.40;CL;16;99.3;25.2
SK-15;422081.83;4604644.47;4.5;31.50;CL;14;99.3;25.2
SK-15;422081.83;4604644.47;4.5;33.35;CH;13;99.2;37.5
SK-15;422081.83;4604644.47;4.5;34.50;CH;14;99.2;37.5
SK-15;422081.83;4604644.47;4.5;36.40;CH;12;99.2;37.5
SK-15;422081.83;4604644.47;4.5;37.50;CH;14;99.2;37.5
SK-15;422081.83;4604644.47;4.5;39.00;CH;14;99.2;27.3
SK-15;422081.83;4604644.47;4.5;40.50;CH;15;99.2;27.3
SK-15;422081.83;4604644.47;4.5;42.45;CH;19;99.2;27.3
SK-15;422081.83;4604644.47;4.5;43.50;CH;19;99.2;27.3
SK-15;422081.83;4604644.47;4.5;45.00;CH;17;99.2;27.3
SK-15;422081.83;4604644.47;4.5;46.50;CH;20;99.2;27.3
SK-15;422081.83;4604644.47;4.5;48.00;ML;27;78.6;0
SK-15;422081.83;4604644.47;4.5;49.50;ML;27;78.6;0
SK-15;422081.83;4604644.47;4.5;51.00;GW-GM;50;11.7;0
SK-15;422081.83;4604644.47;4.5;54.00;GW-GM;38;11.7;0
SK-15;422081.83;4604644.47;4.5;57.00;GW-GM;48;11.7;0
SK-15;422081.83;4604644.47;4.5;60.00;GW-GM;46;11.7;0
SK-15;422081.83;4604644.47;4.5;61.50;SP;48;2.1;0
SK-15;422081.83;4604644.47;4.5;63.00;SP;48;2.1;0
SK-15;422081.83;4604644.47;4.5;64.50;SP;47;2.1;0
SK-16;422167.33;4604721.22;2.2;1.50;GP;50;1.2;0
SK-16;422167.33;4604721.22;2.2;3.00;GP;16;1.2;0
SK-16;422167.33;4604721.22;2.2;4.50;CL;9;93.4;11.9
SK-16;422167.33;4604721.22;2.2;6.40;CL;6;93.4;11.9
SK-16;422167.33;4604721.22;2.2;7.50;CL;4;93.4;11.9
SK-16;422167.33;4604721.22;2.2;9.40;CL;10;93.4;11.9
SK-16;422167.33;4604721.22;2.2;10.50;CL;4;93.4;11.9
SK-16;422167.33;4604721.22;2.2;12.40;ML;6;56.5;0
SK-16;422167.33;4604721.22;2.2;13.50;ML;7;56.5;0
SK-16;422167.33;4604721.22;2.2;15.40;ML;10;56.5;0
SK-16;422167.33;4604721.22;2.2;16.50;ML;9;56.5;0
SK-16;422167.33;4604721.22;2.2;18.50;ML;13;56.5;0
SK-16;422167.33;4604721.22;2.2;19.50;ML;8;56.5;0
SK-16;422167.33;4604721.22;2.2;21.45;CH;7;99.5;38.0
SK-16;422167.33;4604721.22;2.2;22.50;CH;7;99.5;38.0
SK-16;422167.33;4604721.22;2.2;24.50;CH;13;99.5;38.0
SK-16;422167.33;4604721.22;2.2;25.50;CH;11;99.5;38.0
SK-16;422167.33;4604721.22;2.2;27.00;CH;12;99.5;38.0
SK-16;422167.33;4604721.22;2.2;28.95;CH;9;99.7;34.2
SK-16;422167.33;4604721.22;2.2;30.00;CH;10;99.7;34.2
SK-16;422167.33;4604721.22;2.2;31.90;CH;14;99.7;34.2
SK-16;422167.33;4604721.22;2.2;33.00;CH;13;99.7;34.2
SK-16;422167.33;4604721.22;2.2;34.90;CH;10;99.7;34.2
SK-16;422167.33;4604721.22;2.2;36.00;MH;12;94.9;21.3
SK-16;422167.33;4604721.22;2.2;37.90;MH;13;94.9;21.3
SK-16;422167.33;4604721.22;2.2;39.00;MH;13;94.9;21.3
SK-16;422167.33;4604721.22;2.2;40.50;MH;6;94.9;21.3
SK-17;422252.8;4604798.04;3.1;1.50;GM;26;15.2;0
SK-17;422252.8;4604798.04;3.1;3.00;GM;16;15.2;0
SK-17;422252.8;4604798.04;3.1;5.00;CL;5;97.0;23.1
SK-17;422252.8;4604798.04;3.1;6.00;CL;6;97.0;23.1
SK-17;422252.8;4604798.04;3.1;8.00;CL;5;98.6;22.9
SK-17;422252.8;4604798.04;3.1;9.00;CL;5;98.6;22.9
SK-17;422252.8;4604798.04;3.1;10.90;CL;4;98.6;22.9
SK-17;422252.8;4604798.04;3.1;12.00;CL;7;98.6;22.9
SK-17;422252.8;4604798.04;3.1;13.50;CL;5;98.6;22.9
SK-17;422252.8;4604798.04;3.1;15.00;CL;7;98.7;21.1
SK-17;422252.8;4604798.04;3.1;17.00;CL;5;98.7;21.1
SK-17;422252.8;4604798.04;3.1;18.00;CL;7;98.7;21.1
SK-17;422252.8;4604798.04;3.1;20.00;CL;7;98.7;21.1
SK-17;422252.8;4604798.04;3.1;21.00;CL;5;100.0;17.9
SK-17;422252.8;4604798.04;3.1;22.90;CL;4;100.0;17.9
SK-17;422252.8;4604798.04;3.1;24.00;CL;5;100.0;17.9
SK-17;422252.8;4604798.04;3.1;25.80;CL;6;100.0;17.9
SK-17;422252.8;4604798.04;3.1;27.00;CH;6;93.1;24.6
SK-17;422252.8;4604798.04;3.1;28.90;CH;5;93.1;24.6
SK-17;422252.8;4604798.04;3.1;30.00;CH;5;93.1;24.6
SK-18;422338.31;4604874.78;2.7;1.50;GP-GM;41;10.6;0
SK-18;422338.31;4604874.78;2.7;3.00;GP-GM;22;10.6;0
SK-18;422338.31;4604874.78;2.7;4.90;CL;5;89.5;25.3
SK-18;422338.31;4604874.78;2.7;6.00;CL;6;89.5;25.3
SK-18;422338.31;4604874.78;2.7;7.95;CL;16;95.1;24.2
SK-18;422338.31;4604874.78;2.7;9.00;CL;14;95.1;24.2
SK-18;422338.31;4604874.78;2.7;10.80;CH;12;93.3;31.5
SK-18;422338.31;4604874.78;2.7;12.00;CH;18;93.3;31.5
SK-18;422338.31;4604874.78;2.7;13.80;GC;31;18.4;14.0
SK-18;422338.31;4604874.78;2.7;15.00;SC;30;41.3;12.0
SK-18;422338.31;4604874.78;2.7;16.50;SC;50;41.3;12.0
SK-18;422338.31;4604874.78;2.7;18.00;SC;50;41.3;12.0
SK-20;421892.25;4604339.9;5.55;1.50;GP-GM;4;10.1;11.1
SK-20;421892.25;4604339.9;5.55;3.10;GP-GM;11;10.1;11.1
SK-20;421892.25;4604339.9;5.55;4.60;GP-GM;8;10.1;11.1
SK-20;421892.25;4604339.9;5.55;6.10;GP-GM;5;10.1;11.1
SK-20;421892.25;4604339.9;5.55;7.50;GP-GM;6;10.1;11.1
SK-20;421892.25;4604339.9;5.55;9.00;GW;9;0.9;0
SK-20;421892.25;4604339.9;5.55;11.00;CH;2;94.5;27.5
SK-20;421892.25;4604339.9;5.55;12.00;CH;2;94.5;27.5
SK-20;421892.25;4604339.9;5.55;14.05;CH;5;94.5;27.5
SK-20;421892.25;4604339.9;5.55;15.00;CH;4;94.5;27.5
SK-20;421892.25;4604339.9;5.55;17.00;CL;5;96.3;9.9
SK-20;421892.25;4604339.9;5.55;18.00;CL;7;96.3;9.9
SK-20;421892.25;4604339.9;5.55;19.50;SM;23;13.2;0
SK-20;421892.25;4604339.9;5.55;21.00;SM;22;13.2;0
SK-20;421892.25;4604339.9;5.55;22.50;SP-SM;29;8.3;0
SK-20;421892.25;4604339.9;5.55;24.00;SP-SM;31;8.3;0
SK-20;421892.25;4604339.9;5.55;25.50;SP-SM;26;8.3;0
SK-20;421892.25;4604339.9;5.55;27.00;SP-SM;30;8.3;0
SK-20;421892.25;4604339.9;5.55;28.90;SP-SM;17;8.3;0
SK-20;421892.25;4604339.9;5.55;30.00;SP-SM;10;8.3;0
SK-20;421892.25;4604339.9;5.55;32.00;CH;14;90.2;26.8
SK-20;421892.25;4604339.9;5.55;33.00;CH;14;90.2;26.8
SK-20;421892.25;4604339.9;5.55;34.50;CH;8;90.2;26.8
SK-20;421892.25;4604339.9;5.55;36.00;CH;14;90.2;26.8
SK-20;421892.25;4604339.9;5.55;37.50;CH;13;90.2;26.8
SK-21;421977.82;4604416.72;2.9;1.50;SM;50;31.7;0
SK-21;421977.82;4604416.72;2.9;3.35;SM;13;31.7;0
SK-21;421977.82;4604416.72;2.9;4.50;CL;1;87.9;17.6
SK-21;421977.82;4604416.72;2.9;6.45;CL;4;87.9;17.6
SK-21;421977.82;4604416.72;2.9;7.50;CL;8;92.2;20.1
SK-21;421977.82;4604416.72;2.9;9.45;CL;9;92.2;20.1
SK-21;421977.82;4604416.72;2.9;10.50;CL;4;92.2;20.1
SK-21;421977.82;4604416.72;2.9;12.45;CL;5;92.2;20.1
SK-21;421977.82;4604416.72;2.9;13.50;CL;5;92.2;20.1
SK-21;421977.82;4604416.72;2.9;15.40;SM;16;31.7;0
SK-21;421977.82;4604416.72;2.9;16.50;SM;15;31.7;0
SK-21;421977.82;4604416.72;2.9;18.00;SM;25;31.7;0
SK-21;421977.82;4604416.72;2.9;19.50;SW-SM;24;7.9;0
SK-21;421977.82;4604416.72;2.9;21.00;SW-SM;33;7.9;0
SK-21;421977.82;4604416.72;2.9;22.50;SW-SM;41;7.9;0
SK-21;421977.82;4604416.72;2.9;24.00;SW-SM;36;7.9;0
SK-21;421977.82;4604416.72;2.9;25.50;SP-SM;35;8.4;0
SK-21;421977.82;4604416.72;2.9;27.50;SP-SM;28;8.4;0
SK-21;421977.82;4604416.72;2.9;28.95;CL;12;99.5;24.4
SK-21;421977.82;4604416.72;2.9;30.00;CL;10;99.5;24.4
SK-21;421977.82;4604416.72;2.9;31.95;CL;17;99.5;24.4
SK-21;421977.82;4604416.72;2.9;33.00;CH;16;99.4;30.5
SK-21;421977.82;4604416.72;2.9;34.95;CH;16;99.4;30.5
SK-21;421977.82;4604416.72;2.9;36.00;CH;13;99.4;30.5
SK-21;421977.82;4604416.72;2.9;38.00;CH;13;99.4;30.5
SK-22;422063.25;4604493.41;3.05;1.50;GM;50;15.0;0
SK-22;422063.25;4604493.41;3.05;3.00;GM;50;15.0;0
SK-22;422063.25;4604493.41;3.05;4.50;CL;4;85.7;16.1
SK-22;422063.25;4604493.41;3.05;6.40;CL;2;85.7;16.1
SK-22;422063.25;4604493.41;3.05;7.50;CL;5;99.1;28.0
SK-22;422063.25;4604493.41;3.05;9.40;CL;6;99.1;28.0
SK-22;422063.25;4604493.41;3.05;10.50;CL;6;99.1;28.0
SK-22;422063.25;4604493.41;3.05;12.40;CL;4;99.1;28.0
SK-22;422063.25;4604493.41;3.05;13.50;CL;7;99.1;28.0
SK-22;422063.25;4604493.41;3.05;15.50;ML;6;78.1;0
SK-22;422063.25;4604493.41;3.05;16.50;ML;3;78.1;0
SK-22;422063.25;4604493.41;3.05;18.40;SP;26;3.3;0
SK-22;422063.25;4604493.41;3.05;19.50;SP;15;3.3;0
SK-22;422063.25;4604493.41;3.05;21.00;SP;33;3.3;0
SK-22;422063.25;4604493.41;3.05;22.50;SP;11;3.3;0
SK-22;422063.25;4604493.41;3.05;24.50;SP;10;3.3;0
SK-22;422063.25;4604493.41;3.05;25.50;CH;19;100.0;26.6
SK-22;422063.25;4604493.41;3.05;27.50;CH;11;100.0;26.6
SK-22;422063.25;4604493.41;3.05;28.50;CH;9;100.0;26.6
SK-22;422063.25;4604493.41;3.05;30.50;CH;11;100.0;26.6
SK-23;422148.76;4604570.16;3.15;1.50;GM;50;9.9;0
SK-23;422148.76;4604570.16;3.15;3.10;GM;50;9.9;0
SK-23;422148.76;4604570.16;3.15;4.90;CL;2;88.3;17.5
SK-23;422148.76;4604570.16;3.15;6.45;CL;3;88.3;17.5
SK-23;422148.76;4604570.16;3.15;8.40;CL;6;88.3;17.5
SK-23;422148.76;4604570.16;3.15;9.45;CL;8;88.3;17.5
SK-23;422148.76;4604570.16;3.15;10.90;CH;4;100.0;32.9
SK-23;422148.76;4604570.16;3.15;12.45;CH;5;100.0;32.9
SK-23;422148.76;4604570.16;3.15;13.95;CH;6;100.0;32.9
SK-23;422148.76;4604570.16;3.15;15.45;CH;2;100.0;32.9
SK-23;422148.76;4604570.16;3.15;16.95;CH;3;100.0;32.9
SK-23;422148.76;4604570.16;3.15;18.45;SW-SM;30;9.9;0
SK-23;422148.76;4604570.16;3.15;19.95;SW-SM;32;9.9;0
SK-23;422148.76;4604570.16;3.15;21.45;CH;13;99.7;36.9
SK-23;422148.76;4604570.16;3.15;22.95;CH;9;99.7;36.9
SK-23;422148.76;4604570.16;3.15;24.45;CH;11;99.7;36.9
SK-23;422148.76;4604570.16;3.15;25.95;CH;12;99.7;36.9
SK-23;422148.76;4604570.16;3.15;27.45;CH;11;99.7;36.9
SK-23;422148.76;4604570.16;3.15;29.40;CH;8;99.5;34.7
SK-23;422148.76;4604570.16;3.15;30.45;CH;7;99.5;34.7
SK-23;422148.76;4604570.16;3.15;32.35;CH;10;99.8;40.7
SK-23;422148.76;4604570.16;3.15;33.45;CH;6;99.8;40.7
SK-23;422148.76;4604570.16;3.15;35.35;CH;9;99.8;40.7
SK-23;422148.76;4604570.16;3.15;36.45;CH;8;99.8;40.7
SK-23;422148.76;4604570.16;3.15;38.35;CH;9;95.2;33.3
SK-23;422148.76;4604570.16;3.15;39.45;CH;11;95.2;33.3
SK-23;422148.76;4604570.16;3.15;41.35;CH;11;95.2;33.3
SK-24;422340.53;4604951.78;3.05;1.50;GM;50;12.4;0
SK-24;422340.53;4604951.78;3.05;3.15;GM;13;12.4;0
SK-24;422340.53;4604951.78;3.05;4.95;CL;2;98.8;30.2
SK-24;422340.53;4604951.78;3.05;6.00;CL;3;98.8;30.2
SK-24;422340.53;4604951.78;3.05;7.50;CL;6;98.8;30.2
SK-24;422340.53;4604951.78;3.05;9.45;CL;8;98.8;30.2
SK-24;422340.53;4604951.78;3.05;10.50;CL;4;98.8;30.2
SK-24;422340.53;4604951.78;3.05;12.45;CL;5;98.8;30.2
SK-24;422340.53;4604951.78;3.05;13.50;CL;6;98.8;30.2
SK-24;422340.53;4604951.78;3.05;15.40;ML;2;89.4;0
SK-24;422340.53;4604951.78;3.05;16.95;ML;6;89.4;0
SK-24;422340.53;4604951.78;3.05;18.45;ML;6;89.4;0
SK-24;422340.53;4604951.78;3.05;19.95;ML;7;89.4;0
SK-24;422340.53;4604951.78;3.05;21.45;CH;4;95.1;28.8
SK-24;422340.53;4604951.78;3.05;22.95;CH;7;95.1;28.8
SK-24;422340.53;4604951.78;3.05;24.50;CH;9;95.1;28.8
SK-24;422340.53;4604951.78;3.05;25.95;CH;6;95.1;28.8
SK-24;422340.53;4604951.78;3.05;27.45;CL;5;100.0;22.0
SK-24;422340.53;4604951.78;3.05;28.95;CL;3;100.0;22.0
SK-24;422340.53;4604951.78;3.05;30.45;CL;6;100.0;22.0
SK-24;422340.53;4604951.78;3.05;31.95;CL;6;99.3;22.3
SK-24;422340.53;4604951.78;3.05;33.25;CL;10;99.3;22.3
SK-24;422340.53;4604951.78;3.05;34.95;CL;10;99.3;22.3
SK-24;422340.53;4604951.78;3.05;36.45;CL;14;99.3;22.3
SK-24;422340.53;4604951.78;3.05;37.95;CH;15;96.1;33.1
SK-24;422340.53;4604951.78;3.05;39.45;CH;14;96.1;33.1
SK-24;422340.53;4604951.78;3.05;40.95;CH;10;96.1;33.1
SK-24;422340.53;4604951.78;3.05;42.45;CH;5;96.1;33.1
SK-24;422340.53;4604951.78;3.05;43.95;CH;8;92.9;27.4
SK-24;422340.53;4604951.78;3.05;45.45;CH;10;92.9;27.4
SK-24;422340.53;4604951.78;3.05;46.45;CH;12;92.9;27.4
SK-24;422340.53;4604951.78;3.05;48.40;ML;5;73.5;0
SK-24;422340.53;4604951.78;3.05;51.00;SM;28;13.2;0
SK-24;422340.53;4604951.78;3.05;52.50;SM;50;13.2;0
SK-24;422340.53;4604951.78;3.05;54.00;SM;30;13.2;0
SK-24;422340.53;4604951.78;3.05;57.00;SM;28;13.2;0
SK-24;422340.53;4604951.78;3.05;60.20;SP;26;4.6;0
SK-24;422340.53;4604951.78;3.05;63.20;SP;27;4.6;0
SK-25;422319.72;4604723.73;3.1;1.50;GM;50;14.6;0
SK-25;422319.72;4604723.73;3.1;3.00;GM;50;14.6;0
SK-25;422319.72;4604723.73;3.1;4.85;CL;7;98.5;18.1
SK-25;422319.72;4604723.73;3.1;6.00;CL;4;98.5;18.1
SK-25;422319.72;4604723.73;3.1;7.95;CL;5;98.5;18.1
SK-25;422319.72;4604723.73;3.1;9.00;CL;6;98.5;18.1
SK-25;422319.72;4604723.73;3.1;10.80;CL;5;98.5;18.1
SK-25;422319.72;4604723.73;3.1;12.00;CL;7;98.5;18.1
SK-25;422319.72;4604723.73;3.1;14.00;MH;6;92.8;32.8
SK-25;422319.72;4604723.73;3.1;15.45;MH;6;92.8;32.8
SK-25;422319.72;4604723.73;3.1;16.85;MH;5;92.8;32.8
SK-25;422319.72;4604723.73;3.1;18.45;MH;5;92.8;32.8
SK-25;422319.72;4604723.73;3.1;19.95;MH;6;92.8;32.8
SK-25;422319.72;4604723.73;3.1;21.45;ML;33;99.6;0
SK-25;422319.72;4604723.73;3.1;22.95;ML;41;99.6;0
SK-25;422319.72;4604723.73;3.1;24.95;ML;36;99.6;0
SK-25;422319.72;4604723.73;3.1;25.95;ML;35;99.6;0
SK-25;422319.72;4604723.73;3.1;27.25;ML;7;99.6;0
SK-25;422319.72;4604723.73;3.1;28.95;ML;8;99.6;0
SK-25;422319.72;4604723.73;3.1;30.45;CH;10;99.7;31.2
SK-25;422319.72;4604723.73;3.1;31.95;CH;6;99.7;31.2
SK-25;422319.72;4604723.73;3.1;33.85;CH;12;91.9;31.4
SK-25;422319.72;4604723.73;3.1;34.95;CH;8;91.9;31.4
SK-25;422319.72;4604723.73;3.1;36.95;CH;25;91.9;31.4
SK-25;422319.72;4604723.73;3.1;37.95;CH;22;91.9;31.4
SK-25;422319.72;4604723.73;3.1;40.45;CL;38;91.2;22.6
SK-25;422319.72;4604723.73;3.1;41.95;CL;16;91.2;22.6
SK-25;422319.72;4604723.73;3.1;43.45;CL;27;91.2;22.6
SK-26;422406.69;4604801.78;2.75;1.50;GM;50;12.4;0
SK-26;422406.69;4604801.78;2.75;3.40;CL;12;63.2;22.2
SK-26;422406.69;4604801.78;2.75;4.50;CL;4;63.2;22.2
SK-26;422406.69;4604801.78;2.75;6.25;CL;6;63.2;22.2
SK-26;422406.69;4604801.78;2.75;7.50;GC;50;24.7;15.9
SK-26;422406.69;4604801.78;2.75;9.00;GC;50;24.7;15.9
SK-27;422487.79;4604870.6;0.8;1.50;CL;10;88.0;25.4
SK-27;422487.79;4604870.6;0.8;3.40;CL;10;88.0;25.4
SK-27;422487.79;4604870.6;0.8;4.50;CL;7;88.0;25.4
SK-27;422487.79;4604870.6;0.8;6.40;CL;6;96.9;23.8
SK-27;422487.79;4604870.6;0.8;7.50;CL;7;96.9;23.8
SK-27;422487.79;4604870.6;0.8;9.30;CL;5;96.9;23.8
SK-27;422487.79;4604870.6;0.8;10.50;CL;4;96.9;23.8
SK-27;422487.79;4604870.6;0.8;12.40;CL;36;96.9;23.8
SK-27;422487.79;4604870.6;0.8;13.50;CL;50;87.3;17.1
SK-27;422487.79;4604870.6;0.8;15.25;ML;50;80.1;8.9
SK-27;422487.79;4604870.6;0.8;16.50;ML;50;80.1;8.9
SK-27;422487.79;4604870.6;0.8;18.35;CL;50;87.3;17.1
SK-27;422487.79;4604870.6;0.8;19.50;CL;50;87.3;17.1
SK-27;422487.79;4604870.6;0.8;21.35;CL;50;81.9;18.0
SK-27;422487.79;4604870.6;0.8;22.50;CL;50;81.9;18.0
SK-27;422487.79;4604870.6;0.8;24.35;CL;50;81.9;18.0
SK-27;422487.79;4604870.6;0.8;25.50;CL;50;81.3;18.1
SK-27;422487.79;4604870.6;0.8;27.35;CL;50;81.3;18.1
SK-27;422487.79;4604870.6;0.8;28.50;CL;50;81.3;18.1
SK-27;422487.79;4604870.6;0.8;30.00;CL;50;81.3;18.1
SK-28;421959.17;4604265.6;5.1;1.50;GM;50;15.0;0
SK-28;421959.17;4604265.6;5.1;3.50;ML;19;92.4;0
SK-28;421959.17;4604265.6;5.1;4.50;ML;10;92.4;0
SK-28;421959.17;4604265.6;5.1;6.50;SM;10;13.7;0
SK-28;421959.17;4604265.6;5.1;7.50;SM;14;13.7;0
SK-28;421959.17;4604265.6;5.1;9.05;GP-GC;9;7.4;16.4
SK-28;421959.17;4604265.6;5.1;11.00;CH;7;98.7;29.5
SK-28;421959.17;4604265.6;5.1;12.00;CH;10;98.7;29.5
SK-28;421959.17;4604265.6;5.1;14.00;CH;9;98.7;29.5
SK-28;421959.17;4604265.6;5.1;15.00;CH;7;98.7;29.5
SK-28;421959.17;4604265.6;5.1;16.80;CL;6;100.0;22.2
SK-28;421959.17;4604265.6;5.1;18.00;CL;7;100.0;22.2
SK-28;421959.17;4604265.6;5.1;19.50;CL;6;100.0;22.2
SK-28;421959.17;4604265.6;5.1;21.00;CL;7;100.0;22.2
SK-28;421959.17;4604265.6;5.1;22.90;SM;6;26.4;0
SK-28;421959.17;4604265.6;5.1;24.00;SM;8;26.4;0
SK-28;421959.17;4604265.6;5.1;26.00;SM;7;26.4;0
SK-28;421959.17;4604265.6;5.1;27.00;ML;7;56.0;0
SK-28;421959.17;4604265.6;5.1;28.50;ML;9;56.0;0
SK-28;421959.17;4604265.6;5.1;30.00;ML;8;56.0;0
SK-28;421959.17;4604265.6;5.1;32.00;CH;10;99.9;30.5
SK-28;421959.17;4604265.6;5.1;33.00;CH;9;99.9;30.5
SK-28;421959.17;4604265.6;5.1;35.00;CH;13;99.9;30.5
SK-28;421959.17;4604265.6;5.1;36.00;CH;10;99.9;30.5
SK-28;421959.17;4604265.6;5.1;38.00;CH;10;99.9;30.5
SK-28;421959.17;4604265.6;5.1;39.00;CH;9;99.9;30.5
SK-28;421959.17;4604265.6;5.1;40.90;SM;6;31.1;0
SK-28;421959.17;4604265.6;5.1;42.00;SM;5;31.1;0
SK-28;421959.17;4604265.6;5.1;44.00;CH;13;96.5;31.8
SK-28;421959.17;4604265.6;5.1;45.00;CH;11;96.5;31.8
SK-28;421959.17;4604265.6;5.1;47.00;CH;18;96.5;31.8
SK-28;421959.17;4604265.6;5.1;50.30;CH;14;96.5;31.8
SK-29;422044.75;4604342.42;5.0;1.50;GW;50;1.5;0
SK-29;422044.75;4604342.42;5.0;3.00;GW;50;1.5;0
SK-29;422044.75;4604342.42;5.0;4.50;GW;8;1.5;0
SK-29;422044.75;4604342.42;5.0;6.00;SW-SM;19;10.6;0
SK-29;422044.75;4604342.42;5.0;7.80;SW-SM;41;10.6;0
SK-29;422044.75;4604342.42;5.0;9.00;SW-SM;33;10.6;0
SK-29;422044.75;4604342.42;5.0;10.50;CH;6;99.9;34.8
SK-29;422044.75;4604342.42;5.0;12.45;CH;5;99.9;34.8
SK-29;422044.75;4604342.42;5.0;13.50;CH;4;99.9;34.8
SK-29;422044.75;4604342.42;5.0;15.45;CH;5;100.0;32.1
SK-29;422044.75;4604342.42;5.0;16.50;CH;6;100.0;32.1
SK-29;422044.75;4604342.42;5.0;18.45;CH;12;100.0;32.1
SK-29;422044.75;4604342.42;5.0;19.50;CH;12;100.0;32.1
SK-29;422044.75;4604342.42;5.0;21.25;GP-GC;50;8.3;19.3
SK-29;422044.75;4604342.42;5.0;22.50;GP-GC;50;8.3;19.3
SK-29;422044.75;4604342.42;5.0;24.45;GP-GC;45;8.3;19.3
SK-29;422044.75;4604342.42;5.0;25.50;ML;21;82.5;0
SK-29;422044.75;4604342.42;5.0;27.45;ML;14;82.5;0
SK-29;422044.75;4604342.42;5.0;28.50;ML;14;82.5;0
SK-29;422044.75;4604342.42;5.0;30.45;CH;10;100.0;15
SK-30;422130.18;4604419.11;2.75;1.50;SM;48;37.7;0
SK-30;422130.18;4604419.11;2.75;3.00;SM;68;37.7;0
SK-30;422130.18;4604419.11;2.75;4.50;CL;6;96.3;16.6
SK-30;422130.18;4604419.11;2.75;6.00;CL;6;96.3;16.6
SK-30;422130.18;4604419.11;2.75;7.95;CL;7;96.3;16.6
SK-30;422130.18;4604419.11;2.75;9.00;CL;8;96.3;16.6
SK-30;422130.18;4604419.11;2.75;10.95;ML;7;84.7;0
SK-30;422130.18;4604419.11;2.75;12.00;ML;9;84.7;0
SK-30;422130.18;4604419.11;2.75;13.95;ML;10;84.7;0
SK-30;422130.18;4604419.11;2.75;15.45;SM;6;15.2;0
SK-30;422130.18;4604419.11;2.75;16.95;SM;6;15.2;0
SK-30;422130.18;4604419.11;2.75;18.45;SM;7;15.2;0
SK-30;422130.18;4604419.11;2.75;19.95;SM;5;15.2;0
SK-30;422130.18;4604419.11;2.75;21.45;SM;7;15.2;0
SK-30;422130.18;4604419.11;2.75;23.00;CL;6;97.9;18.1
SK-30;422130.18;4604419.11;2.75;24.45;CL;9;97.9;18.1
SK-30;422130.18;4604419.11;2.75;26.40;CL;6;97.9;18.1
SK-30;422130.18;4604419.11;2.75;27.45;CL;5;97.9;18.1
SK-30;422130.18;4604419.11;2.75;28.95;CL;3;97.9;18.1
SK-30;422130.18;4604419.11;2.75;30.45;CH;6;100.0;27.6
SK-30;422130.18;4604419.11;2.75;31.95;CH;9;100.0;27.6
SK-30;422130.18;4604419.11;2.75;33.45;CH;8;100.0;27.6
SK-30;422130.18;4604419.11;2.75;34.95;CH;5;100.0;27.6
SK-30;422130.18;4604419.11;2.75;36.45;CH;12;100.0;36.2
SK-30;422130.18;4604419.11;2.75;37.95;CH;13;100.0;36.2
SK-30;422130.18;4604419.11;2.75;39.45;CH;13;100.0;36.2
SK-30;422130.18;4604419.11;2.75;40.95;CH;7;100.0;36.2
SK-30;422130.18;4604419.11;2.75;42.45;CH;9;95.6;28.3
SK-30;422130.18;4604419.11;2.75;43.95;CH;10;95.6;28.3
SK-30;422130.18;4604419.11;2.75;45.45;CH;9;95.6;28.3
SK-30;422130.18;4604419.11;2.75;46.95;CH;18;95.6;28.3
SK-30;422130.18;4604419.11;2.75;48.45;SM;15;30.2;0
SK-30;422130.18;4604419.11;2.75;50.25;SM;13;30.2;0
SK-30;422130.18;4604419.11;2.75;51.45;SM;11;30.2;0
SK-30;422130.18;4604419.11;2.75;52.95;SM;9;36.6;0
SK-30;422130.18;4604419.11;2.75;55.95;SW-SM;80;6.2;0
SK-30;422130.18;4604419.11;2.75;58.95;SW-SM;55;6.2;0
SK-30;422130.18;4604419.11;2.75;61.95;SW-SM;39;6.2;0
SK-31;422215.68;4604495.86;5.0;1.50;GP-GM;21;6.1;0
SK-31;422215.68;4604495.86;5.0;3.00;CL;9;98.0;19.4
SK-31;422215.68;4604495.86;5.0;4.85;CL;2;98.0;19.4
SK-31;422215.68;4604495.86;5.0;6.00;CL;4;98.0;19.4
SK-31;422215.68;4604495.86;5.0;7.90;CL;3;98.0;19.4
SK-31;422215.68;4604495.86;5.0;9.00;CH;6;99.1;29.3
SK-31;422215.68;4604495.86;5.0;10.95;CH;3;99.1;29.3
SK-31;422215.68;4604495.86;5.0;12.00;CH;5;99.1;29.3
SK-31;422215.68;4604495.86;5.0;13.95;CH;4;99.1;29.3
SK-31;422215.68;4604495.86;5.0;15.00;CL;7;93.4;26.7
SK-31;422215.68;4604495.86;5.0;16.95;CL;25;93.4;26.7
SK-31;422215.68;4604495.86;5.0;18.00;CL;29;93.4;26.7
SK-31;422215.68;4604495.86;5.0;19.50;SP;22;3.0;0
SK-31;422215.68;4604495.86;5.0;21.00;SP;13;3.0;0
SK-31;422215.68;4604495.86;5.0;22.50;SP;22;3.0;0
SK-31;422215.68;4604495.86;5.0;24.45;SP;8;3.0;0
SK-31;422215.68;4604495.86;5.0;25.50;CH;6;99.6;33.1
SK-31;422215.68;4604495.86;5.0;27.00;CH;11;99.6;33.1
SK-31;422215.68;4604495.86;5.0;28.50;CH;7;99.6;33.1
SK-31;422215.68;4604495.86;5.0;30.00;CH;7;99.6;33.1
SK-32;422301.19;4604572.63;4.9;1.50;SC;48;30.9;19.4
SK-32;422301.19;4604572.63;4.9;3.00;SC;68;30.9;19.4
SK-32;422301.19;4604572.63;4.9;4.50;CL;6;95.1;25.7
SK-32;422301.19;4604572.63;4.9;6.00;CL;6;95.1;25.7
SK-32;422301.19;4604572.63;4.9;7.95;CH;7;100.0;32.0
SK-32;422301.19;4604572.63;4.9;9.00;CH;8;100.0;32.0
SK-32;422301.19;4604572.63;4.9;10.95;CH;7;100.0;32.0
SK-32;422301.19;4604572.63;4.9;12.00;CH;9;100.0;32.0
SK-32;422301.19;4604572.63;4.9;13.95;CH;10;100.0;32.0
SK-32;422301.19;4604572.63;4.9;15.45;ML;7;84.3;0
SK-32;422301.19;4604572.63;4.9;16.95;ML;25;84.3;0
SK-32;422301.19;4604572.63;4.9;18.00;ML;29;84.3;0
SK-32;422301.19;4604572.63;4.9;19.50;ML;22;84.3;0
SK-32;422301.19;4604572.63;4.9;21.00;ML;13;84.3;0
SK-32;422301.19;4604572.63;4.9;22.50;ML;22;84.3;0
SK-32;422301.19;4604572.63;4.9;24.45;ML;8;84.3;0
SK-32;422301.19;4604572.63;4.9;25.50;CH;6;95.7;28.3
SK-32;422301.19;4604572.63;4.9;27.00;CH;3;95.7;28.3
SK-32;422301.19;4604572.63;4.9;30.00;CH;4;100.0;35.6
SK-32;422301.19;4604572.63;4.9;33.00;CH;8;100.0;35.6
SK-32;422301.19;4604572.63;4.9;36.00;CH;7;100.0;35.6
SK-32;422301.19;4604572.63;4.9;37.95;CH;11;100.0;35.6
SK-32;422301.19;4604572.63;4.9;39.00;CH;9;100.0;32.8
SK-32;422301.19;4604572.63;4.9;40.95;CH;7;100.0;32.8
SK-32;422301.19;4604572.63;4.9;43.90;CH;10;100.0;32.8
SK-32;422301.19;4604572.63;4.9;45.00;CH;11;100.0;31.6
SK-32;422301.19;4604572.63;4.9;46.90;CH;18;100.0;31.6
SK-32;422301.19;4604572.63;4.9;48.00;CH;15;100.0;31.6
SK-32;422301.19;4604572.63;4.9;49.80;CH;13;100.0;31.6
SK-32;422301.19;4604572.63;4.9;51.00;CL;37;61.2;13.5
SK-32;422301.19;4604572.63;4.9;52.50;CL;51;61.2;13.5
SK-32;422301.19;4604572.63;4.9;55.50;CL;80;61.2;13.5
SK-32;422301.19;4604572.63;4.9;57.00;SW;55;3.7;0
SK-32;422301.19;4604572.63;4.9;58.50;SW;51;3.7;0
SK-32;422301.19;4604572.63;4.9;60.00;GP-GM;43;5.5;0
SK-32;422301.19;4604572.63;4.9;61.50;GM;39;13.5;0
SK-32;422301.19;4604572.63;4.9;63.00;GM;50;13.5;0
SK-33;422386.65;4604649.43;2.4;1.50;GM;6;31.0;0
SK-33;422386.65;4604649.43;2.4;3.45;GM;15;31.0;0
SK-33;422386.65;4604649.43;2.4;5.15;CL;6;88.6;0
SK-33;422386.65;4604649.43;2.4;6.45;CL;4;88.6;0
SK-33;422386.65;4604649.43;2.4;8.35;CL;6;88.6;0
SK-33;422386.65;4604649.43;2.4;9.45;CL;5;88.6;0
SK-33;422386.65;4604649.43;2.4;10.95;ML;4;88.6;0
SK-33;422386.65;4604649.43;2.4;12.45;ML;2;88.6;0
SK-33;422386.65;4604649.43;2.4;14.45;ML;5;88.6;0
SK-33;422386.65;4604649.43;2.4;15.45;ML;6;100.0;0
SK-33;422386.65;4604649.43;2.4;17.35;ML;5;100.0;0
SK-33;422386.65;4604649.43;2.4;18.45;ML;6;100.0;0
SK-33;422386.65;4604649.43;2.4;20.45;ML;6;100.0;0
SK-33;422386.65;4604649.43;2.4;21.45;CH;5;99.6;35.2
SK-33;422386.65;4604649.43;2.4;23.45;CH;6;99.6;35.2
SK-33;422386.65;4604649.43;2.4;24.45;CH;7;99.6;35.2
SK-33;422386.65;4604649.43;2.4;26.40;CH;6;71.6;33.0
SK-33;422386.65;4604649.43;2.4;27.45;CH;9;71.6;33.0
SK-33;422386.65;4604649.43;2.4;29.35;CH;11;71.6;33.0
SK-33;422386.65;4604649.43;2.4;30.45;CH;11;71.6;33.0
SK-34;422473.62;4604727.48;2.5;1.50;GC;6;12.5;12.0
SK-34;422473.62;4604727.48;2.5;3.00;GC;12;12.5;12.0
SK-34;422473.62;4604727.48;2.5;5.00;CL;6;99.0;27.0
SK-34;422473.62;4604727.48;2.5;6.00;CL;4;99.0;27.0
SK-34;422473.62;4604727.48;2.5;7.90;CL;8;99.0;27.0
SK-34;422473.62;4604727.48;2.5;9.00;CH;10;98.6;29.4
SK-34;422473.62;4604727.48;2.5;10.85;CH;6;98.6;29.4
SK-34;422473.62;4604727.48;2.5;12.00;CH;8;98.6;29.4
SK-34;422473.62;4604727.48;2.5;14.00;CH;10;98.6;29.4
SK-34;422473.62;4604727.48;2.5;15.00;CL;5;97.5;27.2
SK-34;422473.62;4604727.48;2.5;16.75;CL;7;97.5;27.2
SK-34;422473.62;4604727.48;2.5;18.00;CL;9;97.5;27.2
SK-34;422473.62;4604727.48;2.5;19.95;CL;22;97.5;27.2
SK-34;422473.62;4604727.48;2.5;21.00;CL;34;97.5;27.2
SK-35;422557.65;4604802.95;0.3;1.50;CL;7;87.1;19.7
SK-35;422557.65;4604802.95;0.3;3.00;CL;50;87.1;19.7
SK-35;422557.65;4604802.95;0.3;4.50;CL;13;95.7;25.9
SK-35;422557.65;4604802.95;0.3;6.40;CL;16;95.7;25.9
SK-35;422557.65;4604802.95;0.3;7.50;CL;15;95.7;25.9
SK-35;422557.65;4604802.95;0.3;9.00;CL;20;95.7;25.9
SK-35;422557.65;4604802.95;0.3;10.75;CL;51;54.6;13.8
SK-35;422557.65;4604802.95;0.3;12.00;CL;60;54.6;13.8
SK-35;422557.65;4604802.95;0.3;13.50;CL;50;54.6;13.8
SK-35;422557.65;4604802.95;0.3;24.70;CL;13;81.1;15.1
SK-35;422557.65;4604802.95;0.3;25.80;CL;46;81.1;15.1
SK-35;422557.65;4604802.95;0.3;27.00;CL;62;81.1;15.1
SK-35;422557.65;4604802.95;0.3;28.50;CL;73;91.8;16.0
SK-35;422557.65;4604802.95;0.3;31.70;CL;50;75.6;18.2
